subject_ID,age,loss,pi_D,pi_O,pi_I,Pi_DD_stay,Pi_DD_switch,Pi_DO,Pi_DI,Pi_OD,Pi_OO,Pi_OI,Pi_ID,Pi_IO,Pi_II,Sigma_x,Sigma_y
0,5.35249828884,95302.805,0.044204812,0.24733348,0.44323283,0.72236264,0.044596396,0.0055751204,0.0044838786,0.004485607,0.99102974,0.0044846833,0.0055553615,0.005576104,0.98886853,99.88997,99.88998
